Site,Number of Images
SITE10,51
SITE100,6
SITE104,27
SITE105,16
SITE106,12
SITE11,5
SITE111,33
SITE115,34
SITE116,35
SITE117,80
SITE119,24
SITE12,26
SITE123,10
SITE125,9
SITE127,48
SITE128,62
SITE129,20
SITE13,97
SITE134,14
SITE14,16
SITE15,51
SITE156,34
SITE160,24
SITE161,27
SITE164,11
SITE165,4
SITE167,16
SITE168,4
SITE169,37
SITE17,50
SITE171,22
SITE177,12
SITE178,19
SITE179,59
SITE18,28
SITE183,1
SITE186,32
SITE19,187
SITE193,15
SITE194,42
SITE198,32
SITE20,14
SITE203,74
SITE205,47
SITE207,3
SITE208,26
SITE209,14
SITE21,38
SITE212,2
SITE215,49
SITE216,5
SITE217,15
SITE219,21
SITE22,263
SITE229,26
SITE230,6
SITE231,8
SITE234,43
SITE239,29
SITE24,23
SITE240,23
SITE241,63
SITE244,30
SITE245,26
SITE25,56
SITE251,26
SITE253,84
SITE256,16
SITE258,26
SITE259,15
SITE26,21
SITE261,22
SITE262,56
SITE268,17
SITE272,31
SITE276,29
SITE283,7
SITE29,17
SITE295,4
SITE298,1
SITE299,3
SITE30,21
SITE301,2
SITE303,1
SITE304,9
SITE309,14
SITE310,16
SITE312,8
SITE314,7
SITE322,5
SITE323,11
SITE324,26
SITE325,10
SITE327,45
SITE33,49
SITE330,21
SITE331,15
SITE332,24
SITE333,19
SITE334,42
SITE336,16
SITE338,12
SITE339,16
SITE340,21
SITE341,3
SITE343,24
SITE345,9
SITE349,1
SITE352,10
SITE353,13
SITE355,13
SITE358,25
SITE36,12
SITE360,10
SITE361,11
SITE362,11
SITE363,17
SITE365,5
SITE366,16
SITE367,7
SITE371,7
SITE375,6
SITE376,8
SITE377,12
SITE380,13
SITE383,8
SITE385,10
SITE386,14
SITE388,18
SITE389,22
SITE394,5
SITE397,11
SITE399,8
SITE4,24
SITE40,47
SITE401,17
SITE404,7
SITE405,15
SITE406,35
SITE407,8
SITE41,85
SITE411,123
SITE417,68
SITE418,4
SITE42,8
SITE420,48
SITE421,13
SITE422,32
SITE424,5
SITE426,27
SITE43,46
SITE430,5
SITE431,3
SITE434,31
SITE435,12
SITE437,34
SITE438,37
SITE439,33
SITE442,42
SITE443,6
SITE446,27
SITE447,9
SITE45,51
SITE453,6
SITE454,12
SITE455,13
SITE457,8
SITE460,15
SITE461,11
SITE462,4
SITE463,15
SITE464,11
SITE465,1
SITE467,8
SITE468,25
SITE469,20
SITE471,28
SITE472,6
SITE474,11
SITE476,6
SITE477,16
SITE48,40
SITE480,7
SITE481,16
SITE483,23
SITE484,1
SITE485,8
SITE486,8
SITE49,42
SITE490,22
SITE492,17
SITE494,1
SITE496,8
SITE5,23
SITE50,1
SITE505,11
SITE506,19
SITE507,10
SITE508,41
SITE510,15
SITE512,4
SITE517,3
SITE519,4
SITE520,25
SITE521,19
SITE522,18
SITE528,19
SITE53,20
SITE530,3
SITE533,7
SITE534,3
SITE538,10
SITE539,11
SITE54,1
SITE540,3
SITE541,10
SITE542,13
SITE543,10
SITE545,10
SITE547,3
SITE556,14
SITE557,46
SITE561,14
SITE563,16
SITE564,16
SITE566,14
SITE568,24
SITE569,43
SITE570,6
SITE571,8
SITE572,7
SITE574,11
SITE575,35
SITE577,12
SITE578,17
SITE58,62
SITE580,11
SITE581,35
SITE582,3
SITE584,18
SITE586,3
SITE587,4
SITE59,10
SITE593,16
SITE595,48
SITE597,28
SITE598,9
SITE6,14
SITE601,4
SITE602,10
SITE606,14
SITE607,17
SITE610,22
SITE612,25
SITE616,24
SITE617,22
SITE620,19
SITE622,39
SITE623,27
SITE624,23
SITE626,13
SITE629,37
SITE639,30
SITE648,6
SITE65,13
SITE658,12
SITE66,8
SITE676,3
SITE683,11
SITE684,20
SITE692,31
SITE694,11
SITE7,54
SITE716,4
SITE719,23
SITE721,18
SITE722,47
SITE725,6
SITE73,30
SITE733,7
SITE734,24
SITE735,30
SITE739,27
SITE747,109
SITE749,3
SITE75,22
SITE760,184
SITE78,14
SITE8,40
SITE80,12
SITE801,3
SITE802,4
SITE807,4
SITE808,4
SITE81,24
SITE82,14
SITE821,8
SITE829,4
SITE831,12
SITE834,8
SITE84,40
SITE842,5
SITE844,8
SITE852,11
SITE86,19
SITE87,8
SITE871,7
SITE876,6
SITE892,2
SITE9,2
SITE91,1
SITE94,24
SITE95,7
SITE96,9
SITE98,48
